INSERT INTO ACCOUNT (username, password, role) VALUES
    -- 2 Admins
    ('admin_01',      '123456',    'Admin'),
    ('admin_02',      '123456',    'Admin'),
    -- 4 Quản lý
    ('manager_a',     '123456',    'Manager'),
    ('manager_b',     '123456',    'Manager'),
    ('manager_c',     '123456',    'Manager'),
    ('manager_d',     '123456',    'Manager'),
    -- 4 Kế toán
    ('acc_01',        '123456',    'Accountant'),
    ('acc_02',        '123456',    'Accountant'),
    ('acc_03',        '123456',    'Accountant'),
    ('acc_04',        '123456',    'Accountant')

-- 2. TÒA A (90 accounts: res_a_001 -> res_a_090)
INSERT INTO ACCOUNT (username, password, role) VALUES
    ('res_a_001', '123456', 'Resident'), ('res_a_002', '123456', 'Resident'), ('res_a_003', '123456', 'Resident'), ('res_a_004', '123456', 'Resident'), ('res_a_005', '123456', 'Resident'), ('res_a_006', '123456', 'Resident'), ('res_a_007', '123456', 'Resident'), ('res_a_008', '123456', 'Resident'), ('res_a_009', '123456', 'Resident'), ('res_a_010', '123456', 'Resident'),
    ('res_a_011', '123456', 'Resident'), ('res_a_012', '123456', 'Resident'), ('res_a_013', '123456', 'Resident'), ('res_a_014', '123456', 'Resident'), ('res_a_015', '123456', 'Resident'), ('res_a_016', '123456', 'Resident'), ('res_a_017', '123456', 'Resident'), ('res_a_018', '123456', 'Resident'), ('res_a_019', '123456', 'Resident'), ('res_a_020', '123456', 'Resident'),
    ('res_a_021', '123456', 'Resident'), ('res_a_022', '123456', 'Resident'), ('res_a_023', '123456', 'Resident'), ('res_a_024', '123456', 'Resident'), ('res_a_025', '123456', 'Resident'), ('res_a_026', '123456', 'Resident'), ('res_a_027', '123456', 'Resident'), ('res_a_028', '123456', 'Resident'), ('res_a_029', '123456', 'Resident'), ('res_a_030', '123456', 'Resident'),
    ('res_a_031', '123456', 'Resident'), ('res_a_032', '123456', 'Resident'), ('res_a_033', '123456', 'Resident'), ('res_a_034', '123456', 'Resident'), ('res_a_035', '123456', 'Resident'), ('res_a_036', '123456', 'Resident'), ('res_a_037', '123456', 'Resident'), ('res_a_038', '123456', 'Resident'), ('res_a_039', '123456', 'Resident'), ('res_a_040', '123456', 'Resident'),
    ('res_a_041', '123456', 'Resident'), ('res_a_042', '123456', 'Resident'), ('res_a_043', '123456', 'Resident'), ('res_a_044', '123456', 'Resident'), ('res_a_045', '123456', 'Resident'), ('res_a_046', '123456', 'Resident'), ('res_a_047', '123456', 'Resident'), ('res_a_048', '123456', 'Resident'), ('res_a_049', '123456', 'Resident'), ('res_a_050', '123456', 'Resident'),
    ('res_a_051', '123456', 'Resident'), ('res_a_052', '123456', 'Resident'), ('res_a_053', '123456', 'Resident'), ('res_a_054', '123456', 'Resident'), ('res_a_055', '123456', 'Resident'), ('res_a_056', '123456', 'Resident'), ('res_a_057', '123456', 'Resident'), ('res_a_058', '123456', 'Resident'), ('res_a_059', '123456', 'Resident'), ('res_a_060', '123456', 'Resident'),
    ('res_a_061', '123456', 'Resident'), ('res_a_062', '123456', 'Resident'), ('res_a_063', '123456', 'Resident'), ('res_a_064', '123456', 'Resident'), ('res_a_065', '123456', 'Resident'), ('res_a_066', '123456', 'Resident'), ('res_a_067', '123456', 'Resident'), ('res_a_068', '123456', 'Resident'), ('res_a_069', '123456', 'Resident'), ('res_a_070', '123456', 'Resident'),
    ('res_a_071', '123456', 'Resident'), ('res_a_072', '123456', 'Resident'), ('res_a_073', '123456', 'Resident'), ('res_a_074', '123456', 'Resident'), ('res_a_075', '123456', 'Resident'), ('res_a_076', '123456', 'Resident'), ('res_a_077', '123456', 'Resident'), ('res_a_078', '123456', 'Resident'), ('res_a_079', '123456', 'Resident'), ('res_a_080', '123456', 'Resident'),
    ('res_a_081', '123456', 'Resident'), ('res_a_082', '123456', 'Resident'), ('res_a_083', '123456', 'Resident'), ('res_a_084', '123456', 'Resident'), ('res_a_085', '123456', 'Resident'), ('res_a_086', '123456', 'Resident'), ('res_a_087', '123456', 'Resident'), ('res_a_088', '123456', 'Resident'), ('res_a_089', '123456', 'Resident'), ('res_a_090', '123456', 'Resident');

-- 3. TÒA B (70 accounts: res_b_001 -> res_b_070)
INSERT INTO ACCOUNT (username, password, role) VALUES
    ('res_b_001', '123456', 'Resident'), ('res_b_002', '123456', 'Resident'), ('res_b_003', '123456', 'Resident'), ('res_b_004', '123456', 'Resident'), ('res_b_005', '123456', 'Resident'), ('res_b_006', '123456', 'Resident'), ('res_b_007', '123456', 'Resident'), ('res_b_008', '123456', 'Resident'), ('res_b_009', '123456', 'Resident'), ('res_b_010', '123456', 'Resident'),
    ('res_b_011', '123456', 'Resident'), ('res_b_012', '123456', 'Resident'), ('res_b_013', '123456', 'Resident'), ('res_b_014', '123456', 'Resident'), ('res_b_015', '123456', 'Resident'), ('res_b_016', '123456', 'Resident'), ('res_b_017', '123456', 'Resident'), ('res_b_018', '123456', 'Resident'), ('res_b_019', '123456', 'Resident'), ('res_b_020', '123456', 'Resident'),
    ('res_b_021', '123456', 'Resident'), ('res_b_022', '123456', 'Resident'), ('res_b_023', '123456', 'Resident'), ('res_b_024', '123456', 'Resident'), ('res_b_025', '123456', 'Resident'), ('res_b_026', '123456', 'Resident'), ('res_b_027', '123456', 'Resident'), ('res_b_028', '123456', 'Resident'), ('res_b_029', '123456', 'Resident'), ('res_b_030', '123456', 'Resident'),
    ('res_b_031', '123456', 'Resident'), ('res_b_032', '123456', 'Resident'), ('res_b_033', '123456', 'Resident'), ('res_b_034', '123456', 'Resident'), ('res_b_035', '123456', 'Resident'), ('res_b_036', '123456', 'Resident'), ('res_b_037', '123456', 'Resident'), ('res_b_038', '123456', 'Resident'), ('res_b_039', '123456', 'Resident'), ('res_b_040', '123456', 'Resident'),
    ('res_b_041', '123456', 'Resident'), ('res_b_042', '123456', 'Resident'), ('res_b_043', '123456', 'Resident'), ('res_b_044', '123456', 'Resident'), ('res_b_045', '123456', 'Resident'), ('res_b_046', '123456', 'Resident'), ('res_b_047', '123456', 'Resident'), ('res_b_048', '123456', 'Resident'), ('res_b_049', '123456', 'Resident'), ('res_b_050', '123456', 'Resident'),
    ('res_b_051', '123456', 'Resident'), ('res_b_052', '123456', 'Resident'), ('res_b_053', '123456', 'Resident'), ('res_b_054', '123456', 'Resident'), ('res_b_055', '123456', 'Resident'), ('res_b_056', '123456', 'Resident'), ('res_b_057', '123456', 'Resident'), ('res_b_058', '123456', 'Resident'), ('res_b_059', '123456', 'Resident'), ('res_b_060', '123456', 'Resident'),
    ('res_b_061', '123456', 'Resident'), ('res_b_062', '123456', 'Resident'), ('res_b_063', '123456', 'Resident'), ('res_b_064', '123456', 'Resident'), ('res_b_065', '123456', 'Resident'), ('res_b_066', '123456', 'Resident'), ('res_b_067', '123456', 'Resident'), ('res_b_068', '123456', 'Resident'), ('res_b_069', '123456', 'Resident'), ('res_b_070', '123456', 'Resident');

-- 4. TÒA C (50 accounts: res_c_001 -> res_c_050)
INSERT INTO ACCOUNT (username, password, role) VALUES
    ('res_c_001', '123456', 'Resident'), ('res_c_002', '123456', 'Resident'), ('res_c_003', '123456', 'Resident'), ('res_c_004', '123456', 'Resident'), ('res_c_005', '123456', 'Resident'), ('res_c_006', '123456', 'Resident'), ('res_c_007', '123456', 'Resident'), ('res_c_008', '123456', 'Resident'), ('res_c_009', '123456', 'Resident'), ('res_c_010', '123456', 'Resident'),
    ('res_c_011', '123456', 'Resident'), ('res_c_012', '123456', 'Resident'), ('res_c_013', '123456', 'Resident'), ('res_c_014', '123456', 'Resident'), ('res_c_015', '123456', 'Resident'), ('res_c_016', '123456', 'Resident'), ('res_c_017', '123456', 'Resident'), ('res_c_018', '123456', 'Resident'), ('res_c_019', '123456', 'Resident'), ('res_c_020', '123456', 'Resident'),
    ('res_c_021', '123456', 'Resident'), ('res_c_022', '123456', 'Resident'), ('res_c_023', '123456', 'Resident'), ('res_c_024', '123456', 'Resident'), ('res_c_025', '123456', 'Resident'), ('res_c_026', '123456', 'Resident'), ('res_c_027', '123456', 'Resident'), ('res_c_028', '123456', 'Resident'), ('res_c_029', '123456', 'Resident'), ('res_c_030', '123456', 'Resident'),
    ('res_c_031', '123456', 'Resident'), ('res_c_032', '123456', 'Resident'), ('res_c_033', '123456', 'Resident'), ('res_c_034', '123456', 'Resident'), ('res_c_035', '123456', 'Resident'), ('res_c_036', '123456', 'Resident'), ('res_c_037', '123456', 'Resident'), ('res_c_038', '123456', 'Resident'), ('res_c_039', '123456', 'Resident'), ('res_c_040', '123456', 'Resident'),
    ('res_c_041', '123456', 'Resident'), ('res_c_042', '123456', 'Resident'), ('res_c_043', '123456', 'Resident'), ('res_c_044', '123456', 'Resident'), ('res_c_045', '123456', 'Resident'), ('res_c_046', '123456', 'Resident'), ('res_c_047', '123456', 'Resident'), ('res_c_048', '123456', 'Resident'), ('res_c_049', '123456', 'Resident'), ('res_c_050', '123456', 'Resident');

-- 5. TÒA D (30 accounts: res_d_001 -> res_d_030)
INSERT INTO ACCOUNT (username, password, role) VALUES
    ('res_d_001', '123456', 'Resident'), ('res_d_002', '123456', 'Resident'), ('res_d_003', '123456', 'Resident'), ('res_d_004', '123456', 'Resident'), ('res_d_005', '123456', 'Resident'), ('res_d_006', '123456', 'Resident'), ('res_d_007', '123456', 'Resident'), ('res_d_008', '123456', 'Resident'), ('res_d_009', '123456', 'Resident'), ('res_d_010', '123456', 'Resident'),
    ('res_d_011', '123456', 'Resident'), ('res_d_012', '123456', 'Resident'), ('res_d_013', '123456', 'Resident'), ('res_d_014', '123456', 'Resident'), ('res_d_015', '123456', 'Resident'), ('res_d_016', '123456', 'Resident'), ('res_d_017', '123456', 'Resident'), ('res_d_018', '123456', 'Resident'), ('res_d_019', '123456', 'Resident'), ('res_d_020', '123456', 'Resident'),
    ('res_d_021', '123456', 'Resident'), ('res_d_022', '123456', 'Resident'), ('res_d_023', '123456', 'Resident'), ('res_d_024', '123456', 'Resident'), ('res_d_025', '123456', 'Resident'), ('res_d_026', '123456', 'Resident'), ('res_d_027', '123456', 'Resident'), ('res_d_028', '123456', 'Resident'), ('res_d_029', '123456', 'Resident'), ('res_d_030', '123456', 'Resident');

INSERT INTO APARTMENT (apartmentID, buildingID, numResident) VALUES
('A101', 'A', 3), ('A102', 'A', 3), ('A103', 'A', 3), ('A104', 'A', 3), ('A105', 'A', 3), ('A106', 'A', 3),
('A201', 'A', 3), ('A202', 'A', 3), ('A203', 'A', 3), ('A204', 'A', 3), ('A205', 'A', 3), ('A206', 'A', 3),
('A301', 'A', 3), ('A302', 'A', 3), ('A303', 'A', 3), ('A304', 'A', 3), ('A305', 'A', 3), ('A306', 'A', 3),
('A401', 'A', 2), ('A402', 'A', 2), ('A403', 'A', 2), ('A404', 'A', 2), ('A405', 'A', 2), ('A406', 'A', 2),
('A501', 'A', 2), ('A502', 'A', 2), ('A503', 'A', 2), ('A504', 'A', 2), ('A505', 'A', 2), ('A506', 'A', 2),
('A601', 'A', 2), ('A602', 'A', 2), ('A603', 'A', 2), ('A604', 'A', 2), ('A605', 'A', 2), ('A606', 'A', 2),
('A701', 'A', 0), ('A702', 'A', 0), ('A703', 'A', 0), ('A704', 'A', 0), ('A705', 'A', 0), ('A706', 'A', 0),
('A801', 'A', 0), ('A802', 'A', 0), ('A803', 'A', 0), ('A804', 'A', 0), ('A805', 'A', 0), ('A806', 'A', 0),
('A901', 'A', 0), ('A902', 'A', 0), ('A903', 'A', 0), ('A904', 'A', 0), ('A905', 'A', 0), ('A906', 'A', 0),
('B101', 'B', 3), ('B102', 'B', 3), ('B103', 'B', 3), ('B104', 'B', 3), ('B105', 'B', 3), ('B106', 'B', 3),
('B201', 'B', 3), ('B202', 'B', 3), ('B203', 'B', 3), ('B204', 'B', 3), ('B205', 'B', 3), ('B206', 'B', 3),
('B301', 'B', 3), ('B302', 'B', 3), ('B303', 'B', 3), ('B304', 'B', 3), ('B305', 'B', 3), ('B306', 'B', 3),
('B401', 'B', 2), ('B402', 'B', 2), ('B403', 'B', 2), ('B404', 'B', 2), ('B405', 'B', 2), ('B406', 'B', 2),
('B501', 'B', 2), ('B502', 'B', 2), ('B503', 'B', 0), ('B504', 'B', 0), ('B505', 'B', 0), ('B506', 'B', 0),
('B601', 'B', 0), ('B602', 'B', 0), ('B603', 'B', 0), ('B604', 'B', 0), ('B605', 'B', 0), ('B606', 'B', 0),
('B701', 'B', 0), ('B702', 'B', 0), ('B703', 'B', 0), ('B704', 'B', 0), ('B705', 'B', 0), ('B706', 'B', 0),
('B801', 'B', 0), ('B802', 'B', 0), ('B803', 'B', 0), ('B804', 'B', 0), ('B805', 'B', 0), ('B806', 'B', 0),
('B901', 'B', 0), ('B902', 'B', 0), ('B903', 'B', 0), ('B904', 'B', 0), ('B905', 'B', 0), ('B906', 'B', 0),

-- ================= TOA C (50 Residents) =================
-- Tầng 1-2: 3 người/phòng (36 người)
INSERT INTO APARTMENT (apartmentID, buildingID, numResident) VALUES
('C101', 'C', 3), ('C102', 'C', 3), ('C103', 'C', 3), ('C104', 'C', 3), ('C105', 'C', 3), ('C106', 'C', 3),
('C201', 'C', 3), ('C202', 'C', 3), ('C203', 'C', 3), ('C204', 'C', 3), ('C205', 'C', 3), ('C206', 'C', 3),
-- Tầng 3: 2 người/phòng (12 người)
('C301', 'C', 2), ('C302', 'C', 2), ('C303', 'C', 2), ('C304', 'C', 2), ('C305', 'C', 2), ('C306', 'C', 2),
-- Tầng 4: Lác đác (2 người)
('C401', 'C', 2), ('C402', 'C', 0), ('C403', 'C', 0), ('C404', 'C', 0), ('C405', 'C', 0), ('C406', 'C', 0),
-- Còn lại trống
('C501', 'C', 0), ('C502', 'C', 0), ('C503', 'C', 0), ('C504', 'C', 0), ('C505', 'C', 0), ('C506', 'C', 0),
('C601', 'C', 0), ('C602', 'C', 0), ('C603', 'C', 0), ('C604', 'C', 0), ('C605', 'C', 0), ('C606', 'C', 0),
('C701', 'C', 0), ('C702', 'C', 0), ('C703', 'C', 0), ('C704', 'C', 0), ('C705', 'C', 0), ('C706', 'C', 0),
('C801', 'C', 0), ('C802', 'C', 0), ('C803', 'C', 0), ('C804', 'C', 0), ('C805', 'C', 0), ('C806', 'C', 0),
('C901', 'C', 0), ('C902', 'C', 0), ('C903', 'C', 0), ('C904', 'C', 0), ('C905', 'C', 0), ('C906', 'C', 0),

-- ================= TOA D (30 Residents) =================
INSERT INTO APARTMENT (apartmentID, buildingID, numResident) VALUES
-- Tầng 1: 3 người/phòng (18 người)
('D101', 'D', 3), ('D102', 'D', 3), ('D103', 'D', 3), ('D104', 'D', 3), ('D105', 'D', 3), ('D106', 'D', 3),
-- Tầng 2: 2 người/phòng (12 người)
('D201', 'D', 2), ('D202', 'D', 2), ('D203', 'D', 2), ('D204', 'D', 2), ('D205', 'D', 2), ('D206', 'D', 2),
-- Còn lại trống hết
('D301', 'D', 0), ('D302', 'D', 0), ('D303', 'D', 0), ('D304', 'D', 0), ('D305', 'D', 0), ('D306', 'D', 0),
('D401', 'D', 0), ('D402', 'D', 0), ('D403', 'D', 0), ('D404', 'D', 0), ('D405', 'D', 0), ('D406', 'D', 0),
('D501', 'D', 0), ('D502', 'D', 0), ('D503', 'D', 0), ('D504', 'D', 0), ('D505', 'D', 0), ('D506', 'D', 0),
('D601', 'D', 0), ('D602', 'D', 0), ('D603', 'D', 0), ('D604', 'D', 0), ('D605', 'D', 0), ('D606', 'D', 0),
('D701', 'D', 0), ('D702', 'D', 0), ('D703', 'D', 0), ('D704', 'D', 0), ('D705', 'D', 0), ('D706', 'D', 0),
('D801', 'D', 0), ('D802', 'D', 0), ('D803', 'D', 0), ('D804', 'D', 0), ('D805', 'D', 0), ('D806', 'D', 0),
('D901', 'D', 0), ('D902', 'D', 0), ('D903', 'D', 0), ('D904', 'D', 0), ('D905', 'D', 0), ('D906', 'D', 0);

-- CƯ DÂN TÒA A
INSERT INTO RESIDENT (apartmentID, fullName, age, `date`, phoneNumber, isOwner, username) VALUES
('A101', 'Nguyễn Văn Hùng', 45, '1979-05-10', '0901000101', 1, 'res_a_001'), ('A101', 'Trần Thị Lan', 42, '1982-08-15', '0901000102', 0, 'res_a_002'), ('A101', 'Nguyễn Lan Anh', 18, '2006-01-20', '0901000103', 0, 'res_a_003'),
('A102', 'Lê Minh Tuấn', 38, '1986-02-12', '0901000104', 1, 'res_a_004'), ('A102', 'Phạm Thu Thủy', 35, '1989-11-05', '0901000105', 0, 'res_a_005'), ('A102', 'Lê Gia Bảo', 10, '2014-06-01', '0901000106', 0, 'res_a_006'),
('A103', 'Hoàng Đức Thịnh', 50, '1974-03-22', '0901000107', 1, 'res_a_007'), ('A103', 'Vũ Thị Mai', 48, '1976-07-30', '0901000108', 0, 'res_a_008'), ('A103', 'Hoàng Đức Minh', 22, '2002-09-12', '0901000109', 0, 'res_a_009'),
('A104', 'Đỗ Văn Nam', 32, '1992-12-01', '0901000110', 1, 'res_a_010'), ('A104', 'Ngô Thị Hương', 30, '1994-04-18', '0901000111', 0, 'res_a_011'), ('A104', 'Đỗ Gia Huy', 5, '2019-10-20', '0901000112', 0, 'res_a_012'),
('A105', 'Bùi Văn Long', 40, '1984-06-15', '0901000113', 1, 'res_a_013'), ('A105', 'Đinh Thị Tuyết', 38, '1986-09-25', '0901000114', 0, 'res_a_014'), ('A105', 'Bùi Long Nhật', 12, '2012-03-08', '0901000115', 0, 'res_a_015'),
('A106', 'Trương Minh Hiếu', 55, '1969-01-10', '0901000116', 1, 'res_a_016'), ('A106', 'Lý Thị Hồng', 52, '1972-05-20', '0901000117', 0, 'res_a_017'), ('A106', 'Trương Hồng Ngọc', 25, '1999-12-12', '0901000118', 0, 'res_a_018'),
('A201', 'Đặng Văn Lâm', 36, '1988-02-14', '0901000119', 1, 'res_a_019'), ('A201', 'Hồ Thị Ngọc', 34, '1990-07-22', '0901000120', 0, 'res_a_020'), ('A201', 'Đặng Ngọc Nhi', 8, '2016-05-05', '0901000121', 0, 'res_a_021'),
('A202', 'Võ Thanh Tùng', 41, '1983-09-09', '0901000122', 1, 'res_a_022'), ('A202', 'Dương Thị Hà', 39, '1985-11-11', '0901000123', 0, 'res_a_023'), ('A202', 'Võ Hà Linh', 15, '2009-08-08', '0901000124', 0, 'res_a_024'),
('A203', 'Nguyễn Quốc Khánh', 29, '1995-03-03', '0901000125', 1, 'res_a_025'), ('A203', 'Lê Thị Thảo', 27, '1997-06-16', '0901000126', 0, 'res_a_026'), ('A203', 'Nguyễn Thảo My', 2, '2022-01-01', '0901000127', 0, 'res_a_027'),
('A204', 'Trần Văn Kiên', 47, '1977-12-12', '0901000128', 1, 'res_a_028'), ('A204', 'Phạm Thị Bích', 45, '1979-04-04', '0901000129', 0, 'res_a_029'), ('A204', 'Trần Kiên Cường', 20, '2004-10-10', '0901000130', 0, 'res_a_030'),
('A205', 'Hoàng Văn Thái', 33, '1991-08-18', '0901000131', 1, 'res_a_031'), ('A205', 'Nguyễn Thị Yến', 30, '1994-02-28', '0901000132', 0, 'res_a_032'), ('A205', 'Hoàng Yến Nhi', 4, '2020-07-15', '0901000133', 0, 'res_a_033'),
('A206', 'Phan Văn Đức', 52, '1972-05-05', '0901000134', 1, 'res_a_034'), ('A206', 'Vũ Thị Tâm', 49, '1975-09-20', '0901000135', 0, 'res_a_035'), ('A206', 'Phan Đức Thành', 24, '2000-11-25', '0901000136', 0, 'res_a_036'),
('A301', 'Lương Văn Bằng', 44, '1980-01-15', '0901000137', 1, 'res_a_037'), ('A301', 'Trịnh Thị Hoa', 40, '1984-06-30', '0901000138', 0, 'res_a_038'), ('A301', 'Lương Hoa Mai', 16, '2008-04-12', '0901000139', 0, 'res_a_039'),
('A302', 'Đinh Văn Đại', 37, '1987-10-10', '0901000140', 1, 'res_a_040'), ('A302', 'Lại Thị Mơ', 35, '1989-12-24', '0901000141', 0, 'res_a_041'), ('A302', 'Đinh Đại Dương', 9, '2015-08-19', '0901000142', 0, 'res_a_042'),
('A303', 'Cao Văn Hùng', 58, '1966-03-08', '0901000143', 1, 'res_a_043'), ('A303', 'Mai Thị Xuân', 55, '1969-07-27', '0901000144', 0, 'res_a_044'), ('A303', 'Cao Xuân Trường', 28, '1996-11-15', '0901000145', 0, 'res_a_045'),
('A304', 'Vương Văn Tình', 31, '1993-09-02', '0901000146', 1, 'res_a_046'), ('A304', 'Lê Thị Ánh', 28, '1996-05-01', '0901000147', 0, 'res_a_047'), ('A304', 'Vương Ánh Tuyết', 3, '2021-02-14', '0901000148', 0, 'res_a_048'),
('A305', 'Hà Văn Quyết', 46, '1978-08-19', '0901000149', 1, 'res_a_049'), ('A305', 'Nguyễn Thị Lụa', 43, '1981-12-10', '0901000150', 0, 'res_a_050'), ('A305', 'Hà Quyết Thắng', 19, '2005-06-25', '0901000151', 0, 'res_a_051'),
('A306', 'Bạch Văn Chiến', 39, '1985-04-30', '0901000152', 1, 'res_a_052'), ('A306', 'Phạm Thị Hằng', 36, '1988-10-20', '0901000153', 0, 'res_a_053'), ('A306', 'Bạch Chiến Công', 11, '2013-09-05', '0901000154', 0, 'res_a_054'),
('A401', 'Lê Văn An', 28, '1996-01-01', '0901000155', 1, 'res_a_055'), ('A401', 'Nguyễn Thị Bình', 26, '1998-02-02', '0901000156', 0, 'res_a_056'),
('A402', 'Trần Văn Cường', 30, '1994-03-03', '0901000157', 1, 'res_a_057'), ('A402', 'Lê Thị Dung', 28, '1996-04-04', '0901000158', 0, 'res_a_058'),
('A403', 'Phạm Văn Em', 32, '1992-05-05', '0901000159', 1, 'res_a_059'), ('A403', 'Hoàng Thị Giang', 30, '1994-06-06', '0901000160', 0, 'res_a_060'),
('A404', 'Ngô Văn Hải', 34, '1990-07-07', '0901000161', 1, 'res_a_061'), ('A404', 'Vũ Thị Hoa', 32, '1992-08-08', '0901000162', 0, 'res_a_062'),
('A405', 'Đỗ Văn Hùng', 36, '1988-09-09', '0901000163', 1, 'res_a_063'), ('A405', 'Bùi Thị K', 34, '1990-10-10', '0901000164', 0, 'res_a_064'),
('A406', 'Dương Văn L', 38, '1986-11-11', '0901000165', 1, 'res_a_065'), ('A406', 'Lý Thị M', 36, '1988-12-12', '0901000166', 0, 'res_a_066'),
('A501', 'Mai Văn N', 25, '1999-01-15', '0901000167', 1, 'res_a_067'), ('A501', 'Trương Thị O', 24, '2000-02-16', '0901000168', 0, 'res_a_068'),
('A502', 'Võ Văn P', 27, '1997-03-17', '0901000169', 1, 'res_a_069'), ('A502', 'Đặng Thị Q', 26, '1998-04-18', '0901000170', 0, 'res_a_070'),
('A503', 'Hồ Văn R', 29, '1995-05-19', '0901000171', 1, 'res_a_071'), ('A503', 'Nguyễn Thị S', 28, '1996-06-20', '0901000172', 0, 'res_a_072'),
('A504', 'Trần Văn T', 31, '1993-07-21', '0901000173', 1, 'res_a_073'), ('A504', 'Lê Thị U', 30, '1994-08-22', '0901000174', 0, 'res_a_074'),
('A505', 'Phạm Văn V', 33, '1991-09-23', '0901000175', 1, 'res_a_075'), ('A505', 'Hoàng Thị X', 32, '1992-10-24', '0901000176', 0, 'res_a_076'),
('A506', 'Ngô Văn Y', 35, '1989-11-25', '0901000177', 1, 'res_a_077'), ('A506', 'Vũ Thị Z', 34, '1990-12-26', '0901000178', 0, 'res_a_078'),
('A601', 'Đỗ Văn AA', 40, '1984-01-01', '0901000179', 1, 'res_a_079'), ('A601', 'Bùi Thị BB', 38, '1986-02-02', '0901000180', 0, 'res_a_080'),
('A602', 'Dương Văn CC', 42, '1982-03-03', '0901000181', 1, 'res_a_081'), ('A602', 'Lý Thị DD', 40, '1984-04-04', '0901000182', 0, 'res_a_082'),
('A603', 'Mai Văn EE', 44, '1980-05-05', '0901000183', 1, 'res_a_083'), ('A603', 'Trương Thị FF', 42, '1982-06-06', '0901000184', 0, 'res_a_084'),
('A604', 'Võ Văn GG', 46, '1978-07-07', '0901000185', 1, 'res_a_085'), ('A604', 'Đặng Thị HH', 44, '1980-08-08', '0901000186', 0, 'res_a_086'),
('A605', 'Hồ Văn II', 48, '1976-09-09', '0901000187', 1, 'res_a_087'), ('A605', 'Nguyễn Thị KK', 46, '1978-10-10', '0901000188', 0, 'res_a_088'),
('A606', 'Trần Văn LL', 50, '1974-11-11', '0901000189', 1, 'res_a_089'), ('A606', 'Lê Thị MM', 48, '1976-12-12', '0901000190', 0, 'res_a_090');

-- CƯ DÂN TÒA B
INSERT INTO RESIDENT (apartmentID, fullName, age, `date`, phoneNumber, isOwner, username) VALUES
('B101', 'Nguyễn B1', 30, '1994-01-01', '0902000001', 1, 'res_b_001'), ('B101', 'Vợ B1', 28, '1996-01-01', '0902000002', 0, 'res_b_002'), ('B101', 'Con B1', 5, '2019-01-01', '0902000003', 0, 'res_b_003'),
('B102', 'Nguyễn B2', 31, '1993-01-01', '0902000004', 1, 'res_b_004'), ('B102', 'Vợ B2', 29, '1995-01-01', '0902000005', 0, 'res_b_005'), ('B102', 'Con B2', 6, '2018-01-01', '0902000006', 0, 'res_b_006'),
('B103', 'Nguyễn B3', 32, '1992-01-01', '0902000007', 1, 'res_b_007'), ('B103', 'Vợ B3', 30, '1994-01-01', '0902000008', 0, 'res_b_008'), ('B103', 'Con B3', 7, '2017-01-01', '0902000009', 0, 'res_b_009'),
('B104', 'Nguyễn B4', 33, '1991-01-01', '0902000010', 1, 'res_b_010'), ('B104', 'Vợ B4', 31, '1993-01-01', '0902000011', 0, 'res_b_011'), ('B104', 'Con B4', 8, '2016-01-01', '0902000012', 0, 'res_b_012'),
('B105', 'Nguyễn B5', 34, '1990-01-01', '0902000013', 1, 'res_b_013'), ('B105', 'Vợ B5', 32, '1992-01-01', '0902000014', 0, 'res_b_014'), ('B105', 'Con B5', 9, '2015-01-01', '0902000015', 0, 'res_b_015'),
('B106', 'Nguyễn B6', 35, '1989-01-01', '0902000016', 1, 'res_b_016'), ('B106', 'Vợ B6', 33, '1991-01-01', '0902000017', 0, 'res_b_017'), ('B106', 'Con B6', 10, '2014-01-01', '0902000018', 0, 'res_b_018'),
('B201', 'Trần B7', 36, '1988-01-01', '0902000019', 1, 'res_b_019'), ('B201', 'Vợ B7', 34, '1990-01-01', '0902000020', 0, 'res_b_020'), ('B201', 'Con B7', 11, '2013-01-01', '0902000021', 0, 'res_b_021'),
('B202', 'Trần B8', 37, '1987-01-01', '0902000022', 1, 'res_b_022'), ('B202', 'Vợ B8', 35, '1989-01-01', '0902000023', 0, 'res_b_023'), ('B202', 'Con B8', 12, '2012-01-01', '0902000024', 0, 'res_b_024'),
('B203', 'Trần B9', 38, '1986-01-01', '0902000025', 1, 'res_b_025'), ('B203', 'Vợ B9', 36, '1988-01-01', '0902000026', 0, 'res_b_026'), ('B203', 'Con B9', 13, '2011-01-01', '0902000027', 0, 'res_b_027'),
('B204', 'Trần B10', 39, '1985-01-01', '0902000028', 1, 'res_b_028'), ('B204', 'Vợ B10', 37, '1987-01-01', '0902000029', 0, 'res_b_029'), ('B204', 'Con B10', 14, '2010-01-01', '0902000030', 0, 'res_b_030'),
('B205', 'Trần B11', 40, '1984-01-01', '0902000031', 1, 'res_b_031'), ('B205', 'Vợ B11', 38, '1986-01-01', '0902000032', 0, 'res_b_032'), ('B205', 'Con B11', 15, '2009-01-01', '0902000033', 0, 'res_b_033'),
('B206', 'Trần B12', 41, '1983-01-01', '0902000034', 1, 'res_b_034'), ('B206', 'Vợ B12', 39, '1985-01-01', '0902000035', 0, 'res_b_035'), ('B206', 'Con B12', 16, '2008-01-01', '0902000036', 0, 'res_b_036'),
('B301', 'Lê B13', 42, '1982-01-01', '0902000037', 1, 'res_b_037'), ('B301', 'Vợ B13', 40, '1984-01-01', '0902000038', 0, 'res_b_038'), ('B301', 'Con B13', 17, '2007-01-01', '0902000039', 0, 'res_b_039'),
('B302', 'Lê B14', 43, '1981-01-01', '0902000040', 1, 'res_b_040'), ('B302', 'Vợ B14', 41, '1983-01-01', '0902000041', 0, 'res_b_041'), ('B302', 'Con B14', 18, '2006-01-01', '0902000042', 0, 'res_b_042'),
('B303', 'Lê B15', 44, '1980-01-01', '0902000043', 1, 'res_b_043'), ('B303', 'Vợ B15', 42, '1982-01-01', '0902000044', 0, 'res_b_044'), ('B303', 'Con B15', 19, '2005-01-01', '0902000045', 0, 'res_b_045'),
('B304', 'Lê B16', 45, '1979-01-01', '0902000046', 1, 'res_b_046'), ('B304', 'Vợ B16', 43, '1981-01-01', '0902000047', 0, 'res_b_047'), ('B304', 'Con B16', 20, '2004-01-01', '0902000048', 0, 'res_b_048'),
('B305', 'Lê B17', 46, '1978-01-01', '0902000049', 1, 'res_b_049'), ('B305', 'Vợ B17', 44, '1980-01-01', '0902000050', 0, 'res_b_050'), ('B305', 'Con B17', 21, '2003-01-01', '0902000051', 0, 'res_b_051'),
('B306', 'Lê B18', 47, '1977-01-01', '0902000052', 1, 'res_b_052'), ('B306', 'Vợ B18', 45, '1979-01-01', '0902000053', 0, 'res_b_053'), ('B306', 'Con B18', 22, '2002-01-01', '0902000054', 0, 'res_b_054'),
('B401', 'Phạm B19', 28, '1996-01-01', '0902000055', 1, 'res_b_055'), ('B401', 'Bạn B19', 28, '1996-01-01', '0902000056', 0, 'res_b_056'),
('B402', 'Phạm B20', 29, '1995-01-01', '0902000057', 1, 'res_b_057'), ('B402', 'Bạn B20', 29, '1995-01-01', '0902000058', 0, 'res_b_058'),
('B403', 'Phạm B21', 30, '1994-01-01', '0902000059', 1, 'res_b_059'), ('B403', 'Bạn B21', 30, '1994-01-01', '0902000060', 0, 'res_b_060'),
('B404', 'Phạm B22', 31, '1993-01-01', '0902000061', 1, 'res_b_061'), ('B404', 'Bạn B22', 31, '1993-01-01', '0902000062', 0, 'res_b_062'),
('B405', 'Phạm B23', 32, '1992-01-01', '0902000063', 1, 'res_b_063'), ('B405', 'Bạn B23', 32, '1992-01-01', '0902000064', 0, 'res_b_064'),
('B406', 'Phạm B24', 33, '1991-01-01', '0902000065', 1, 'res_b_065'), ('B406', 'Bạn B24', 33, '1991-01-01', '0902000066', 0, 'res_b_066'),
('B501', 'Hoàng B25', 35, '1989-01-01', '0902000067', 1, 'res_b_067'), ('B501', 'Vợ B25', 33, '1991-01-01', '0902000068', 0, 'res_b_068'),
('B502', 'Hoàng B26', 36, '1988-01-01', '0902000069', 1, 'res_b_069'), ('B502', 'Vợ B26', 34, '1990-01-01', '0902000070', 0, 'res_b_070');

-- CƯ DÂN TÒA C
INSERT INTO RESIDENT (apartmentID, fullName, age, `date`, phoneNumber, isOwner, username) VALUES
('C101', 'Nguyễn C1', 30, '1994-02-02', '0903000001', 1, 'res_c_001'), ('C101', 'Vợ C1', 28, '1996-02-02', '0903000002', 0, 'res_c_002'), ('C101', 'Con C1', 5, '2019-02-02', '0903000003', 0, 'res_c_003'),
('C102', 'Nguyễn C2', 31, '1993-02-02', '0903000004', 1, 'res_c_004'), ('C102', 'Vợ C2', 29, '1995-02-02', '0903000005', 0, 'res_c_005'), ('C102', 'Con C2', 6, '2018-02-02', '0903000006', 0, 'res_c_006'),
('C103', 'Nguyễn C3', 32, '1992-02-02', '0903000007', 1, 'res_c_007'), ('C103', 'Vợ C3', 30, '1994-02-02', '0903000008', 0, 'res_c_008'), ('C103', 'Con C3', 7, '2017-02-02', '0903000009', 0, 'res_c_009'),
('C104', 'Nguyễn C4', 33, '1991-02-02', '0903000010', 1, 'res_c_010'), ('C104', 'Vợ C4', 31, '1993-02-02', '0903000011', 0, 'res_c_011'), ('C104', 'Con C4', 8, '2016-02-02', '0903000012', 0, 'res_c_012'),
('C105', 'Nguyễn C5', 34, '1990-02-02', '0903000013', 1, 'res_c_013'), ('C105', 'Vợ C5', 32, '1992-02-02', '0903000014', 0, 'res_c_014'), ('C105', 'Con C5', 9, '2015-02-02', '0903000015', 0, 'res_c_015'),
('C106', 'Nguyễn C6', 35, '1989-02-02', '0903000016', 1, 'res_c_016'), ('C106', 'Vợ C6', 33, '1991-02-02', '0903000017', 0, 'res_c_017'), ('C106', 'Con C6', 10, '2014-02-02', '0903000018', 0, 'res_c_018'),
('C201', 'Trần C7', 36, '1988-02-02', '0903000019', 1, 'res_c_019'), ('C201', 'Vợ C7', 34, '1990-02-02', '0903000020', 0, 'res_c_020'), ('C201', 'Con C7', 11, '2013-02-02', '0903000021', 0, 'res_c_021'),
('C202', 'Trần C8', 37, '1987-02-02', '0903000022', 1, 'res_c_022'), ('C202', 'Vợ C8', 35, '1989-02-02', '0903000023', 0, 'res_c_023'), ('C202', 'Con C8', 12, '2012-02-02', '0903000024', 0, 'res_c_024'),
('C203', 'Trần C9', 38, '1986-02-02', '0903000025', 1, 'res_c_025'), ('C203', 'Vợ C9', 36, '1988-02-02', '0903000026', 0, 'res_c_026'), ('C203', 'Con C9', 13, '2011-02-02', '0903000027', 0, 'res_c_027'),
('C204', 'Trần C10', 39, '1985-02-02', '0903000028', 1, 'res_c_028'), ('C204', 'Vợ C10', 37, '1987-02-02', '0903000029', 0, 'res_c_029'), ('C204', 'Con C10', 14, '2010-02-02', '0903000030', 0, 'res_c_030'),
('C205', 'Trần C11', 40, '1984-02-02', '0903000031', 1, 'res_c_031'), ('C205', 'Vợ C11', 38, '1986-02-02', '0903000032', 0, 'res_c_032'), ('C205', 'Con C11', 15, '2009-02-02', '0903000033', 0, 'res_c_033'),
('C206', 'Trần C12', 41, '1983-02-02', '0903000034', 1, 'res_c_034'), ('C206', 'Vợ C12', 39, '1985-02-02', '0903000035', 0, 'res_c_035'), ('C206', 'Con C12', 16, '2008-02-02', '0903000036', 0, 'res_c_036'),
('C301', 'Lê C13', 28, '1996-02-02', '0903000037', 1, 'res_c_037'), ('C301', 'Bạn C13', 28, '1996-02-02', '0903000038', 0, 'res_c_038'),
('C302', 'Lê C14', 29, '1995-02-02', '0903000039', 1, 'res_c_039'), ('C302', 'Bạn C14', 29, '1995-02-02', '0903000040', 0, 'res_c_040'),
('C303', 'Lê C15', 30, '1994-02-02', '0903000041', 1, 'res_c_041'), ('C303', 'Bạn C15', 30, '1994-02-02', '0903000042', 0, 'res_c_042'),
('C304', 'Lê C16', 31, '1993-02-02', '0903000043', 1, 'res_c_043'), ('C304', 'Bạn C16', 31, '1993-02-02', '0903000044', 0, 'res_c_044'),
('C305', 'Lê C17', 32, '1992-02-02', '0903000045', 1, 'res_c_045'), ('C305', 'Bạn C17', 32, '1992-02-02', '0903000046', 0, 'res_c_046'),
('C306', 'Lê C18', 33, '1991-02-02', '0903000047', 1, 'res_c_047'), ('C306', 'Bạn C18', 33, '1991-02-02', '0903000048', 0, 'res_c_048'),
('C401', 'Phạm C19', 35, '1989-02-02', '0903000049', 1, 'res_c_049'), ('C401', 'Vợ C19', 33, '1991-02-02', '0903000050', 0, 'res_c_050');

-- CƯ DÂN TÒA D
INSERT INTO RESIDENT (apartmentID, fullName, age, `date`, phoneNumber, isOwner, username) VALUES
('D101', 'Nguyễn D1', 30, '1994-03-03', '0904000001', 1, 'res_d_001'), ('D101', 'Vợ D1', 28, '1996-03-03', '0904000002', 0, 'res_d_002'), ('D101', 'Con D1', 5, '2019-03-03', '0904000003', 0, 'res_d_003'),
('D102', 'Nguyễn D2', 31, '1993-03-03', '0904000004', 1, 'res_d_004'), ('D102', 'Vợ D2', 29, '1995-03-03', '0904000005', 0, 'res_d_005'), ('D102', 'Con D2', 6, '2018-03-03', '0904000006', 0, 'res_d_006'),
('D103', 'Nguyễn D3', 32, '1992-03-03', '0904000007', 1, 'res_d_007'), ('D103', 'Vợ D3', 30, '1994-03-03', '0904000008', 0, 'res_d_008'), ('D103', 'Con D3', 7, '2017-03-03', '0904000009', 0, 'res_d_009'),
('D104', 'Nguyễn D4', 33, '1991-03-03', '0904000010', 1, 'res_d_010'), ('D104', 'Vợ D4', 31, '1993-03-03', '0904000011', 0, 'res_d_011'), ('D104', 'Con D4', 8, '2016-03-03', '0904000012', 0, 'res_d_012'),
('D105', 'Nguyễn D5', 34, '1990-03-03', '0904000013', 1, 'res_d_013'), ('D105', 'Vợ D5', 32, '1992-03-03', '0904000014', 0, 'res_d_014'), ('D105', 'Con D5', 9, '2015-03-03', '0904000015', 0, 'res_d_015'),
('D106', 'Nguyễn D6', 35, '1989-03-03', '0904000016', 1, 'res_d_016'), ('D106', 'Vợ D6', 33, '1991-03-03', '0904000017', 0, 'res_d_017'), ('D106', 'Con D6', 10, '2014-03-03', '0904000018', 0, 'res_d_018'),
('D201', 'Trần D7', 36, '1988-03-03', '0904000019', 1, 'res_d_019'), ('D201', 'Vợ D7', 34, '1990-03-03', '0904000020', 0, 'res_d_020'),
('D202', 'Trần D8', 37, '1987-03-03', '0904000021', 1, 'res_d_021'), ('D202', 'Vợ D8', 35, '1989-03-03', '0904000022', 0, 'res_d_022'),
('D203', 'Trần D9', 38, '1986-03-03', '0904000023', 1, 'res_d_023'), ('D203', 'Vợ D9', 36, '1988-03-03', '0904000024', 0, 'res_d_024'),
('D204', 'Trần D10', 39, '1985-03-03', '0904000025', 1, 'res_d_025'), ('D204', 'Vợ D10', 37, '1987-03-03', '0904000026', 0, 'res_d_026'),
('D205', 'Trần D11', 40, '1984-03-03', '0904000027', 1, 'res_d_027'), ('D205', 'Vợ D11', 38, '1986-03-03', '0904000028', 0, 'res_d_028'),
('D206', 'Trần D12', 41, '1983-03-03', '0904000029', 1, 'res_d_029'), ('D206', 'Vợ D12', 39, '1985-03-03', '0904000030', 0, 'res_d_030');


-- Xóa dữ liệu cũ của tháng 12/2025 nếu có để tránh lỗi trùng lặp
DELETE FROM METER_READING WHERE month = 12 AND year = 2025;
INSERT INTO METER_READING (apartmentID, month, year, oldElectricity, newElectricity, oldWater, newWater, recordedDate) VALUES
('A101', 12, 2025, 2500, 2710, 150, 164, '2025-12-31'),
('A102', 12, 2025, 2450, 2680, 140, 155, '2025-12-31'),
('A103', 12, 2025, 2600, 2815, 160, 172, '2025-12-31'),
('A104', 12, 2025, 2300, 2505, 130, 143, '2025-12-31'),
('A105', 12, 2025, 2550, 2760, 155, 168, '2025-12-31'),
('A106', 12, 2025, 2400, 2610, 145, 159, '2025-12-31'),
('A201', 12, 2025, 2100, 2320, 120, 135, '2025-12-31'),
('A202', 12, 2025, 2150, 2365, 125, 138, '2025-12-31'),
('A203', 12, 2025, 2200, 2410, 130, 144, '2025-12-31'),
('A204', 12, 2025, 2050, 2260, 115, 129, '2025-12-31'),
('A205', 12, 2025, 2250, 2470, 135, 149, '2025-12-31'),
('A206', 12, 2025, 2180, 2395, 128, 141, '2025-12-31'),
('A301', 12, 2025, 1900, 2115, 110, 123, '2025-12-31'),
('A302', 12, 2025, 1950, 2160, 112, 126, '2025-12-31'),
('A303', 12, 2025, 1850, 2065, 108, 122, '2025-12-31'),
('A304', 12, 2025, 2000, 2220, 115, 130, '2025-12-31'),
('A305', 12, 2025, 1920, 2135, 111, 124, '2025-12-31'),
('A306', 12, 2025, 1980, 2190, 114, 128, '2025-12-31'),
('A401', 12, 2025, 1500, 1640, 80, 89, '2025-12-31'),
('A402', 12, 2025, 1520, 1655, 82, 90, '2025-12-31'),
('A403', 12, 2025, 1480, 1610, 78, 86, '2025-12-31'),
('A404', 12, 2025, 1550, 1690, 85, 94, '2025-12-31'),
('A405', 12, 2025, 1510, 1645, 81, 88, '2025-12-31'),
('A406', 12, 2025, 1530, 1670, 83, 91, '2025-12-31'),
('A501', 12, 2025, 1400, 1530, 70, 78, '2025-12-31'),
('A502', 12, 2025, 1420, 1555, 72, 81, '2025-12-31'),
('A503', 12, 2025, 1380, 1510, 68, 76, '2025-12-31'),
('A504', 12, 2025, 1450, 1595, 75, 84, '2025-12-31'),
('A505', 12, 2025, 1410, 1540, 71, 79, '2025-12-31'),
('A506', 12, 2025, 1430, 1565, 73, 82, '2025-12-31'),
('A601', 12, 2025, 1300, 1435, 60, 69, '2025-12-31'),
('A602', 12, 2025, 1320, 1450, 62, 70, '2025-12-31'),
('A603', 12, 2025, 1280, 1415, 58, 66, '2025-12-31'),
('A604', 12, 2025, 1350, 1490, 65, 74, '2025-12-31'),
('A605', 12, 2025, 1310, 1445, 61, 68, '2025-12-31'),
('A606', 12, 2025, 1330, 1460, 63, 71, '2025-12-31'),
('A701', 12, 2025, 1000, 1000, 50, 50, '2025-12-31'), ('A702', 12, 2025, 1000, 1000, 50, 50, '2025-12-31'), ('A703', 12, 2025, 1000, 1000, 50, 50, '2025-12-31'), ('A704', 12, 2025, 1000, 1000, 50, 50, '2025-12-31'), ('A705', 12, 2025, 1000, 1000, 50, 50, '2025-12-31'), ('A706', 12, 2025, 1000, 1000, 50, 50, '2025-12-31'),
('A801', 12, 2025, 1000, 1000, 50, 50, '2025-12-31'), ('A802', 12, 2025, 1000, 1000, 50, 50, '2025-12-31'), ('A803', 12, 2025, 1000, 1000, 50, 50, '2025-12-31'), ('A804', 12, 2025, 1000, 1000, 50, 50, '2025-12-31'), ('A805', 12, 2025, 1000, 1000, 50, 50, '2025-12-31'), ('A806', 12, 2025, 1000, 1000, 50, 50, '2025-12-31'),
('A901', 12, 2025, 1000, 1000, 50, 50, '2025-12-31'), ('A902', 12, 2025, 1000, 1000, 50, 50, '2025-12-31'), ('A903', 12, 2025, 1000, 1000, 50, 50, '2025-12-31'), ('A904', 12, 2025, 1000, 1000, 50, 50, '2025-12-31'), ('A905', 12, 2025, 1000, 1000, 50, 50, '2025-12-31'), ('A906', 12, 2025, 1000, 1000, 50, 50, '2025-12-31');

-- ============================================================
-- TÒA B (KHÁ ĐÔNG)
-- Tầng 1-3: 3 người
-- Tầng 4: 2 người
-- Tầng 5: Lác đác
-- Còn lại trống
-- ============================================================
INSERT INTO METER_READING (apartmentID, month, year, oldElectricity, newElectricity, oldWater, newWater, recordedDate) VALUES
-- Tầng 1 (3 người)
('B101', 12, 2025, 2500, 2705, 150, 163, '2025-12-31'),
('B102', 12, 2025, 2480, 2690, 148, 161, '2025-12-31'),
('B103', 12, 2025, 2520, 2740, 152, 166, '2025-12-31'),
('B104', 12, 2025, 2460, 2675, 146, 159, '2025-12-31'),
('B105', 12, 2025, 2510, 2720, 151, 165, '2025-12-31'),
('B106', 12, 2025, 2490, 2700, 149, 162, '2025-12-31'),
-- Tầng 2 (3 người)
('B201', 12, 2025, 2200, 2415, 130, 143, '2025-12-31'),
('B202', 12, 2025, 2220, 2430, 132, 145, '2025-12-31'),
('B203', 12, 2025, 2180, 2400, 128, 142, '2025-12-31'),
('B204', 12, 2025, 2250, 2465, 135, 148, '2025-12-31'),
('B205', 12, 2025, 2210, 2420, 131, 144, '2025-12- 31'),
('B206', 12, 2025, 2230, 2450, 133, 147, '2025-12-31'),
-- Tầng 3 (3 người)
('B301', 12, 2025, 1900, 2120, 110, 124, '2025-12-31'),
('B302', 12, 2025, 1920, 2130, 112, 125, '2025-12-31'),
('B303', 12, 2025, 1880, 2095, 108, 121, '2025-12-31'),
('B304', 12, 2025, 1950, 2170, 115, 129, '2025-12-31'),
('B305', 12, 2025, 1910, 2125, 111, 124, '2025-12-31'),
('B306', 12, 2025, 1930, 2150, 113, 127, '2025-12-31'),
-- Tầng 4 (2 người)
('B401', 12, 2025, 1600, 1740, 90, 99, '2025-12-31'),
('B402', 12, 2025, 1620, 1755, 92, 100, '2025-12-31'),
('B403', 12, 2025, 1580, 1715, 88, 96, '2025-12-31'),
('B404', 12, 2025, 1650, 1790, 95, 104, '2025-12-31'),
('B405', 12, 2025, 1610, 1745, 91, 99, '2025-12-31'),
('B406', 12, 2025, 1630, 1770, 93, 102, '2025-12-31'),
-- Tầng 5 (Lác đác có người ở B501, B502)
('B501', 12, 2025, 1400, 1540, 80, 89, '2025-12-31'),
('B502', 12, 2025, 1420, 1555, 82, 90, '2025-12-31'),
('B503', 12, 2025, 1000, 1000, 50, 50, '2025-12-31'), -- Trống
('B504', 12, 2025, 1000, 1000, 50, 50, '2025-12-31'), -- Trống
('B505', 12, 2025, 1000, 1000, 50, 50, '2025-12-31'), -- Trống
('B506', 12, 2025, 1000, 1000, 50, 50, '2025-12-31'), -- Trống
-- Tầng 6-9 (Trống)
('B601', 12, 2025, 1000, 1000, 50, 50, '2025-12-31'), ('B602', 12, 2025, 1000, 1000, 50, 50, '2025-12-31'), ('B603', 12, 2025, 1000, 1000, 50, 50, '2025-12-31'), ('B604', 12, 2025, 1000, 1000, 50, 50, '2025-12-31'), ('B605', 12, 2025, 1000, 1000, 50, 50, '2025-12-31'), ('B606', 12, 2025, 1000, 1000, 50, 50, '2025-12-31'),
('B701', 12, 2025, 1000, 1000, 50, 50, '2025-12-31'), ('B702', 12, 2025, 1000, 1000, 50, 50, '2025-12-31'), ('B703', 12, 2025, 1000, 1000, 50, 50, '2025-12-31'), ('B704', 12, 2025, 1000, 1000, 50, 50, '2025-12-31'), ('B705', 12, 2025, 1000, 1000, 50, 50, '2025-12-31'), ('B706', 12, 2025, 1000, 1000, 50, 50, '2025-12-31'),
('B801', 12, 2025, 1000, 1000, 50, 50, '2025-12-31'), ('B802', 12, 2025, 1000, 1000, 50, 50, '2025-12-31'), ('B803', 12, 2025, 1000, 1000, 50, 50, '2025-12-31'), ('B804', 12, 2025, 1000, 1000, 50, 50, '2025-12-31'), ('B805', 12, 2025, 1000, 1000, 50, 50, '2025-12-31'), ('B806', 12, 2025, 1000, 1000, 50, 50, '2025-12-31'),
('B901', 12, 2025, 1000, 1000, 50, 50, '2025-12-31'), ('B902', 12, 2025, 1000, 1000, 50, 50, '2025-12-31'), ('B903', 12, 2025, 1000, 1000, 50, 50, '2025-12-31'), ('B904', 12, 2025, 1000, 1000, 50, 50, '2025-12-31'), ('B905', 12, 2025, 1000, 1000, 50, 50, '2025-12-31'), ('B906', 12, 2025, 1000, 1000, 50, 50, '2025-12-31');

-- ============================================================
-- TÒA C (TRUNG BÌNH THẤP)
-- Tầng 1-2: 3 người
-- Tầng 3: 2 người
-- Tầng 4: Có 1 phòng có người
-- Còn lại trống
-- ============================================================
INSERT INTO METER_READING (apartmentID, month, year, oldElectricity, newElectricity, oldWater, newWater, recordedDate) VALUES
-- Tầng 1 (3 người)
('C101', 12, 2025, 2300, 2510, 140, 154, '2025-12-31'),
('C102', 12, 2025, 2350, 2565, 145, 159, '2025-12-31'),
('C103', 12, 2025, 2320, 2530, 142, 155, '2025-12-31'),
('C104', 12, 2025, 2380, 2595, 148, 162, '2025-12-31'),
('C105', 12, 2025, 2340, 2555, 144, 157, '2025-12-31'),
('C106', 12, 2025, 2360, 2580, 146, 160, '2025-12-31'),
-- Tầng 2 (3 người)
('C201', 12, 2025, 2100, 2315, 130, 144, '2025-12-31'),
('C202', 12, 2025, 2120, 2330, 132, 145, '2025-12-31'),
('C203', 12, 2025, 2080, 2295, 128, 141, '2025-12-31'),
('C204', 12, 2025, 2150, 2370, 135, 149, '2025-12-31'),
('C205', 12, 2025, 2110, 2325, 131, 145, '2025-12-31'),
('C206', 12, 2025, 2130, 2350, 133, 147, '2025-12-31'),
-- Tầng 3 (2 người)
('C301', 12, 2025, 1700, 1835, 95, 104, '2025-12-31'),
('C302', 12, 2025, 1720, 1850, 97, 106, '2025-12-31'),
('C303', 12, 2025, 1680, 1815, 93, 101, '2025-12-31'),
('C304', 12, 2025, 1750, 1890, 100, 109, '2025-12-31'),
('C305', 12, 2025, 1710, 1845, 96, 105, '2025-12-31'),
('C306', 12, 2025, 1730, 1860, 98, 107, '2025-12-31'),
-- Tầng 4 (C401 có người, còn lại trống)
('C401', 12, 2025, 1500, 1630, 80, 88, '2025-12-31'),
('C402', 12, 2025, 1000, 1000, 50, 50, '2025-12-31'),
('C403', 12, 2025, 1000, 1000, 50, 50, '2025-12-31'),
('C404', 12, 2025, 1000, 1000, 50, 50, '2025-12-31'),
('C405', 12, 2025, 1000, 1000, 50, 50, '2025-12-31'),
('C406', 12, 2025, 1000, 1000, 50, 50, '2025-12-31'),
-- Tầng 5-9 (Trống)
('C501', 12, 2025, 1000, 1000, 50, 50, '2025-12-31'), ('C502', 12, 2025, 1000, 1000, 50, 50, '2025-12-31'), ('C503', 12, 2025, 1000, 1000, 50, 50, '2025-12-31'), ('C504', 12, 2025, 1000, 1000, 50, 50, '2025-12-31'), ('C505', 12, 2025, 1000, 1000, 50, 50, '2025-12-31'), ('C506', 12, 2025, 1000, 1000, 50, 50, '2025-12-31'),
('C601', 12, 2025, 1000, 1000, 50, 50, '2025-12-31'), ('C602', 12, 2025, 1000, 1000, 50, 50, '2025-12-31'), ('C603', 12, 2025, 1000, 1000, 50, 50, '2025-12-31'), ('C604', 12, 2025, 1000, 1000, 50, 50, '2025-12-31'), ('C605', 12, 2025, 1000, 1000, 50, 50, '2025-12-31'), ('C606', 12, 2025, 1000, 1000, 50, 50, '2025-12-31'),
('C701', 12, 2025, 1000, 1000, 50, 50, '2025-12-31'), ('C702', 12, 2025, 1000, 1000, 50, 50, '2025-12-31'), ('C703', 12, 2025, 1000, 1000, 50, 50, '2025-12-31'), ('C704', 12, 2025, 1000, 1000, 50, 50, '2025-12-31'), ('C705', 12, 2025, 1000, 1000, 50, 50, '2025-12-31'), ('C706', 12, 2025, 1000, 1000, 50, 50, '2025-12-31'),
('C801', 12, 2025, 1000, 1000, 50, 50, '2025-12-31'), ('C802', 12, 2025, 1000, 1000, 50, 50, '2025-12-31'), ('C803', 12, 2025, 1000, 1000, 50, 50, '2025-12-31'), ('C804', 12, 2025, 1000, 1000, 50, 50, '2025-12-31'), ('C805', 12, 2025, 1000, 1000, 50, 50, '2025-12-31'), ('C806', 12, 2025, 1000, 1000, 50, 50, '2025-12-31'),
('C901', 12, 2025, 1000, 1000, 50, 50, '2025-12-31'), ('C902', 12, 2025, 1000, 1000, 50, 50, '2025-12-31'), ('C903', 12, 2025, 1000, 1000, 50, 50, '2025-12-31'), ('C904', 12, 2025, 1000, 1000, 50, 50, '2025-12-31'), ('C905', 12, 2025, 1000, 1000, 50, 50, '2025-12-31'), ('C906', 12, 2025, 1000, 1000, 50, 50, '2025-12-31');

-- ============================================================
-- TÒA D (THƯA THỚT)
-- Tầng 1: 3 người
-- Tầng 2: 2 người
-- Tầng 3-9: Trống
-- ============================================================
INSERT INTO METER_READING (apartmentID, month, year, oldElectricity, newElectricity, oldWater, newWater, recordedDate) VALUES
-- Tầng 1 (3 người) 
('D101', 12, 2025, 2300, 2500, 140, 154, '2025-12-31'),
('D102', 12, 2025, 2350, 2560, 145, 159, '2025-12-31'),
('D103', 12, 2025, 2320, 2525, 142, 155, '2025-12-31'),
('D104', 12, 2025, 2380, 2590, 148, 162, '2025-12-31'),
('D105', 12, 2025, 2340, 2550, 144, 158, '2025-12-31'),
('D106', 12, 2025, 2360, 2575, 146, 160, '2025-12-31'),
-- Tầng 2 (2 người)
('D201', 12, 2025, 1800, 1930, 100, 108, '2025-12-31'),
('D202', 12, 2025, 1820, 1950, 102, 110, '2025-12-31'),
('D203', 12, 2025, 1780, 1910, 98, 106, '2025-12-31'),
('D204', 12, 2025, 1850, 1985, 105, 114, '2025-12-31'),
('D205', 12, 2025, 1810, 1940, 101, 109, '2025-12-31'),
('D206', 12, 2025, 1830, 1965, 103, 112, '2025-12-31'),
-- Tầng 3-9 (Trống)
('D301', 12, 2025, 1000, 1000, 50, 50, '2025-12-31'), ('D302', 12, 2025, 1000, 1000, 50, 50, '2025-12-31'), ('D303', 12, 2025, 1000, 1000, 50, 50, '2025-12-31'), ('D304', 12, 2025, 1000, 1000, 50, 50, '2025-12-31'), ('D305', 12, 2025, 1000, 1000, 50, 50, '2025-12-31'), ('D306', 12, 2025, 1000, 1000, 50, 50, '2025-12-31'),
('D401', 12, 2025, 1000, 1000, 50, 50, '2025-12-31'), ('D402', 12, 2025, 1000, 1000, 50, 50, '2025-12-31'), ('D403', 12, 2025, 1000, 1000, 50, 50, '2025-12-31'), ('D404', 12, 2025, 1000, 1000, 50, 50, '2025-12-31'), ('D405', 12, 2025, 1000, 1000, 50, 50, '2025-12-31'), ('D406', 12, 2025, 1000, 1000, 50, 50, '2025-12-31'),
('D501', 12, 2025, 1000, 1000, 50, 50, '2025-12-31'), ('D502', 12, 2025, 1000, 1000, 50, 50, '2025-12-31'), ('D503', 12, 2025, 1000, 1000, 50, 50, '2025-12-31'), ('D504', 12, 2025, 1000, 1000, 50, 50, '2025-12-31'), ('D505', 12, 2025, 1000, 1000, 50, 50, '2025-12-31'), ('D506', 12, 2025, 1000, 1000, 50, 50, '2025-12-31'),
('D601', 12, 2025, 1000, 1000, 50, 50, '2025-12-31'), ('D602', 12, 2025, 1000, 1000, 50, 50, '2025-12-31'), ('D603', 12, 2025, 1000, 1000, 50, 50, '2025-12-31'), ('D604', 12, 2025, 1000, 1000, 50, 50, '2025-12-31'), ('D605', 12, 2025, 1000, 1000, 50, 50, '2025-12-31'), ('D606', 12, 2025, 1000, 1000, 50, 50, '2025-12-31'),
('D701', 12, 2025, 1000, 1000, 50, 50, '2025-12-31'), ('D702', 12, 2025, 1000, 1000, 50, 50, '2025-12-31'), ('D703', 12, 2025, 1000, 1000, 50, 50, '2025-12-31'), ('D704', 12, 2025, 1000, 1000, 50, 50, '2025-12-31'), ('D705', 12, 2025, 1000, 1000, 50, 50, '2025-12-31'), ('D706', 12, 2025, 1000, 1000, 50, 50, '2025-12-31'),
('D801', 12, 2025, 1000, 1000, 50, 50, '2025-12-31'), ('D802', 12, 2025, 1000, 1000, 50, 50, '2025-12-31'), ('D803', 12, 2025, 1000, 1000, 50, 50, '2025-12-31'), ('D804', 12, 2025, 1000, 1000, 50, 50, '2025-12-31'), ('D805', 12, 2025, 1000, 1000, 50, 50, '2025-12-31'), ('D806', 12, 2025, 1000, 1000, 50, 50, '2025-12-31'),
('D901', 12, 2025, 1000, 1000, 50, 50, '2025-12-31'), ('D902', 12, 2025, 1000, 1000, 50, 50, '2025-12-31'), ('D903', 12, 2025, 1000, 1000, 50, 50, '2025-12-31'), ('D904', 12, 2025, 1000, 1000, 50, 50, '2025-12-31'), ('D905', 12, 2025, 1000, 1000, 50, 50, '2025-12-31'), ('D906', 12, 2025, 1000, 1000, 50, 50, '2025-12-31');